No,Architecture                     ,loss   ,acc    ,val_loss,val_acc,,Public ,Private,[10]:epochs=10
3 ,128 - 256 | 512 - 10             ,0.2485 ,0.9084 ,0.2701  ,0.9043 ,,0.89848,0.86000,
1 ,32*2 - 64*2 | 256 - 10           ,0.3428 ,0.8742 ,0.3330  ,0.8810 ,,0.87707,0.84000,padding=vaild; MaxPooling_strides=1x1
2 ,128*2 - 256*2 | 10               ,0.2835 ,0.8952 ,0.2854  ,0.9019 ,,0.89535,0.87000,
