No,Architecture                     ,ES,loss   ,acc    ,val_loss,val_acc,,Public ,Private,[30]:epochs=30
5 ,32 | 512 - 10 [10]               ,--,0.1617 ,0.9411 ,0.3205  ,0.9052 ,,0.90383,0.87000,Overfit
4 ,32 - 64 | 512 - 10 [10]          ,--,0.2705 ,0.9016 ,0.2592  ,0.9040 ,,0.90222,0.85000,
6 ,32 - 64 | 1024 - 10              ,21,0.3162 ,0.8860 ,0.2748  ,0.9016 ,,       ,       ,
3 ,128 - 256 | 512 - 10 [10]        ,--,0.2485 ,0.9084 ,0.2701  ,0.9043 ,,0.89848,0.86000,
1 ,32*2 - 64*2 | 256 - 10 [10]      ,--,0.3428 ,0.8742 ,0.3330  ,0.8810 ,,0.87707,0.84000,padding=vaild; MaxPooling_strides=1x1
2 ,128*2 - 256*2 | 10 [10]          ,--,0.2835 ,0.8952 ,0.2854  ,0.9019 ,,0.89535,0.87000,
